eName,semimajorAxis,eccentricity,meanRadius,mass_kg,orbit_type
Moon,3.844000000E+05,0.0549,33,7.35E+22,1
Phobos,9.376000000E+03,0.0151,33,1.06E+16,1
Deimos,2.345800000E+04,0.0002,33,2.40E+15,1
Io,4.218000000E+05,4,1821.5,8.93E+22,1
Europa,6.711000000E+05,9,1560.8,4.80E+22,1
Ganymede,1.070400000E+06,1,2631.2,1.48E+23,1
Callisto,1.882700000E+06,7,2410.3,1.08E+23,1
Amalthea,1.814000000E+05,3,84,7.50E+18,1
Himalia,1.146100000E+07,162,85,9.50E+18,1
Elara,1.174100000E+07,217,40,8.00E+17,1
Pasiphae,2.362400000E+07,409,18,3.00E+17,1
Sinope,2.393900000E+07,0.25,14,8.00E+16,1
Lysithea,1.171700000E+07,112,12,8.00E+16,1
Carme,2.340400000E+07,253,15,1.00E+17,1
Ananke,2.127600000E+07,244,10,4.00E+16,1
Leda,1.116500000E+07,164,5,6.00E+17,1
Thebe,2.219000000E+05,18,49,8.00E+17,1
Adrastea,1.290000000E+05,2,8,2.00E+15,1
Metis,1.280000000E+05,1,22,1.00E+17,1
Callirrhoe,2.410200000E+07,283,4,8.70E+14,1
Themisto,7.507000000E+06,242,4,6.90E+14,1
Megaclite,1.414670000E+07,421,2.7,2.10E+14,1
Taygete,2.336300000E+07,252,2.5,1.60E+14,1
Chaldene,2.317900000E+07,251,1.9,7.50E+13,1
Harpalyke,2.110400000E+07,226,2.2,1.20E+14,1
Kalyke,2.356400000E+07,245,2.6,1.90E+14,1
Iocaste,2.127200000E+07,216,2.6,1.90E+14,1
Erinome,2.328300000E+07,266,1.6,4.50E+13,1
Isonoe,2.323100000E+07,246,1.9,7.50E+13,1
Praxidike,2.114800000E+07,0.23,3.4,4.30E+14,1
Autonoe,2.403300000E+07,334,2,9.00E+13,1
Thyone,2.119200000E+07,229,2,9.00E+13,1
Hermippe,2.130000000E+07,0.21,2,9.00E+13,1
Aitne,2.331500000E+07,264,1.5,4.50E+13,1
Eurydome,2.314800000E+07,276,1.5,4.50E+13,1
Euanthe,2.103800000E+07,232,1.5,4.50E+13,1
Euporie,1.933900000E+07,144,1,1.50E+13,1
Orthosie,2.116400000E+07,281,1,1.50E+13,1
Sponde,2.379000000E+07,312,1,1.50E+13,1
Kale,2.330200000E+07,0.26,1,1.50E+13,1
Pasithee,2.309000000E+07,267,1,1.50E+13,1
Hegemone,2.356600000E+07,328,2,4.50E+13,1
Mneme,2.103600000E+07,227,2,1.50E+13,1
Aoede,2.396900000E+07,432,2,9.00E+13,1
Thelxinoe,2.116500000E+07,221,2,1.50E+13,1
Arche,2.335500000E+07,259,1.5,4.15E+13,1
Kallichore,2.327300000E+07,264,2,1.50E+13,1
Helike,2.106400000E+07,156,4,9.00E+13,1
Carpo,1.707800000E+07,0.43,3,4.50E+13,1
Eukelade,2.332200000E+07,272,4,9.00E+13,1
Cyllene,2.378700000E+07,319,1,1.50E+13,1
Kore,2.448600000E+07,325,1,1.50E+13,1
Herse,2.340500000E+07,0.2,2,1.50E+13,1
S/2003 J 2,2.833200000E+07,0.38,1,1.50E+13,1
Eupheme,2.023000000E+07,253,1,1.50E+13,1
S/2003 J 4,2.392800000E+07,204,1,1.50E+13,1
Eirene,2.349300000E+07,0.22,2,9.00E+13,1
S/2003 J 9,2.338500000E+07,269,0.5,1.50E+12,1
S/2003 J 10,2.304200000E+07,214,1,1.50E+13,1
S/2003 J 12,1.783500000E+07,376,0.5,1.00E+12,1
Philophrosyne,2.262200000E+07,194,1,1.50E+13,1
S/2003 J 16,2.094800000E+07,0.23,1,1.50E+13,1
S/2003 J 18,2.049400000E+07,105,1,1.50E+13,1
S/2003 J 19,2.353200000E+07,334,1,1.50E+13,1
S/2003 J 23,2.354900000E+07,309,1,1.50E+13,1
Mimas,1.855390000E+05,0.0202,396.4,3.79E+19,1
Enceladus,2.380370000E+05,0.0045,504.2,1.08E+20,1
Tethys,2.946720000E+05,0,1066,6.18E+20,1
Dione,3.774150000E+05,0.0022,1123.4,1.10E+21,1
Rhea,5.270680000E+05,1,1528.6,2.30E+21,1
Titan,1.221865000E+06,0.0292,2575,1.35E+23,1
Hyperion,1.500934000E+06,0.1042,266,5.60E+18,1
Iapetus,3.560851000E+06,0.0283,1471.2,1.81E+21,1
Phoebe,1.294791300E+07,164,214.4,8.29E+18,1
Janus,1.514600000E+05,7,33,1.90E+18,1
Epimetheus,1.514100000E+05,9,113.4,5.30E+17,1
Helene,3.774200000E+05,5,33,2.40E+16,1
Telesto,2.947100000E+05,1,33,1.00E+16,1
Calypso,2.947100000E+05,1,33,6.50E+15,1
Atlas,1.376700000E+05,0,33,7.00E+15,1
Prometheus,1.393800000E+05,0.00204,33,1.60E+17,1
Pandora,1.417200000E+05,0.0042,33,1.40E+17,1
Pan,1.335800000E+05,0,33,4.95E+15,1
Ymir,2.314040000E+07,187,9,3.97E+15,1
Paaliaq,1.502400000E+07,364,10,7.25E+15,1
Tarvos,1.826320000E+07,531,7,2.30E+15,1
Ijiraq,1.136740000E+07,316,5,1.18E+15,1
Suttungr,1.947670000E+07,114,3,2.30E+14,1
Kiviuq,1.131110000E+07,334,7,2.79E+15,1
Mundilfari,1.866790000E+07,0.21,3,2.30E+14,1
Albiorix,1.640110000E+07,469,13,2.23E+16,1
Skathi,1.561430000E+07,0.27,3,3.50E+14,1
Erriapus,1.761140000E+07,474,4,6.80E+14,1
Siarnaq,1.801540000E+07,295,16,4.35E+16,1
Thrymr,2.043960000E+07,0.47,3,2.30E+14,1
Narvi,1.941730000E+07,431,3,2.30E+14,1
Methone,1.944400000E+05,0,1.6,2.00E+13,1
Pallene,2.122800000E+05,0,33,6.00E+13,1
Polydeuces,3.772000000E+05,0,2,1.00E+13,1
Daphnis,1.365000000E+05,0,33,1.00E+14,1
Aegir,2.074980000E+07,252,3,1.50E+14,1
Bebhionn,1.711780000E+07,469,3,1.50E+14,1
Bergelmir,1.933830000E+07,142,3,1.50E+14,1
Bestla,2.027800000E+07,521,3,2.30E+14,1
Farbauti,2.038700000E+07,206,3,9.00E+13,1
Fenrir,2.245480000E+07,136,2,5.00E+13,1
Fornjot,2.515120000E+07,206,3,1.50E+14,1
Hati,1.977500000E+07,372,3,1.50E+14,1
Hyrrokkin,1.843730000E+07,333,4,3.50E+14,1
Kari,2.207710000E+07,478,3,2.30E+14,1
Loge,2.306550000E+07,335,3,1.50E+14,1
Skoll,1.766330000E+07,464,3,1.50E+14,1
Surtur,2.292040000E+07,451,3,1.50E+14,1
Anthe,1.977000000E+05,1,1,5.00E+12,1
Jarnsaxa,1.935640000E+07,216,3,1.00E+14,1
Greip,1.844220000E+07,326,3,1.50E+14,1
Tarqeq,1.790990000E+07,0.16,3,2.30E+14,1
Aegaeon,1.675000000E+05,0.0002,0.5,1.00E+11,1
S/2004 S 7,2.100580000E+07,0.58,3,1.50E+14,1
S/2004 S 12,1.986750000E+07,401,3,9.00E+13,1
S/2004 S 13,1.840870000E+07,273,3,1.50E+14,1
S/2004 S 17,1.944990000E+07,259,2,5.00E+13,1
S/2006 S 1,1.879740000E+07,0.13,3,1.00E+14,1
S/2006 S 3,2.210010000E+07,471,3,1.50E+14,1
S/2007 S 2,1.672330000E+07,218,3,1.50E+14,1
S/2007 S 3,1.898190000E+07,0.13,3,1.50E+14,1
S/2009 S 1,1.170000000E+05,0,0.3,1.00E+11,1
Ariel,1.909000000E+05,0.0012,581.1,1.29E+21,1
Umbriel,2.660000000E+05,0.0039,584.7,1.22E+21,1
Titania,4.363000000E+05,0.0011,788.9,3.42E+21,1
Oberon,5.835000000E+05,0.0014,761.4,2.88E+21,1
Miranda,1.299000000E+05,0.0013,240,6.60E+19,1
Cordelia,4.980000000E+04,0.0003,20,4.50E+16,1
Ophelia,5.380000000E+04,0.0099,21,5.40E+16,1
Bianca,5.920000000E+04,0.0009,27,9.20E+16,1
Cressida,6.180000000E+04,0.0004,41,3.40E+17,1
Desdemona,6.270000000E+04,0.0001,35,1.80E+17,1
Juliet,6.440000000E+04,0.0007,53,5.60E+17,1
Portia,6.610000000E+04,0.0001,70,1.70E+18,1
Rosalind,6.990000000E+04,0.0001,36,2.50E+16,1
Belinda,7.530000000E+04,0.0001,45,4.90E+17,1
Puck,8.600000000E+04,0.0001,81,2.90E+18,1
Caliban,7.231100000E+06,0.1812,36,2.50E+17,1
Sycorax,1.217940000E+07,0.5219,75,2.30E+18,1
Prospero,1.627680000E+07,0.4445,25,8.50E+16,1
Setebos,1.742040000E+07,0.5908,24,7.50E+16,1
Stephano,8.007400000E+06,0.2248,16,2.20E+16,1
Trinculo,8.505200000E+06,0.2194,9,3.90E+15,1
Francisco,4.282900000E+06,0.1324,11,7.20E+15,1
Margaret,2.380800000E+07,0.6772,10,5.40E+15,1
Ferdinand,2.043000000E+07,0.3993,10,5.40E+15,1
Perdita,7.641700000E+04,0,13,1.80E+19,1
Mab,9.773600000E+04,0,12,1.00E+16,1
Cupid,7.439200000E+04,0,9,3.80E+15,1
Triton,3.547590000E+05,0.00002,1353.4,2.14E+22,1
Nereid,5.513818000E+06,0.7512,170,3.00E+19,1
Naiad,4.822700000E+04,0.0003,33,2.00E+17,1
Thalassa,5.007400000E+04,0.0002,33,4.00E+17,1
Despina,5.252600000E+04,0.0001,33,2.00E+18,1
Galatea,6.195300000E+04,0.0001,33,2.00E+18,1
Larissa,7.354800000E+04,0.0014,33,5.00E+18,1
Proteus,1.176460000E+05,0.0004,33,5.00E+19,1
Halimede,1.661100000E+07,571,30,2.00E+17,1
Psamathe,4.809600000E+07,0.45,20,2.00E+16,1
Sao,2.222800000E+07,293,20,1.00E+17,1
Laomedeia,2.356700000E+07,424,20,1.00E+17,1
Neso,4.928500000E+07,495,30,1.00E+17,1
Charon,1.753600000E+04,0,33,2.40E+16,1
Nix,4.870800000E+04,0,33,2.40E+16,1
Hydra,6.474900000E+04,0,33,2.40E+16,1
Namaka,3.930000000E+04,0,33,2.40E+16,1
Hiʻiaka,4.950000000E+04,0,33,2.40E+16,1
Dysnomia,3.000000000E+04,0,33,2.40E+16,1
Dia,1.255500000E+07,211,2,9.00E+13,1
S/2004 S 3,1.410000000E+05,0.02,2,2.40E+16,1
S/2004 S 4,1.401000000E+05,0,2,2.40E+16,1
S/2004 S 6,1.400000000E+05,2,2.5,2.40E+16,1
S/2010 J 1,2.331433500E+07,0.32,1,2.40E+16,1
S/2010 J 2,2.032000000E+07,307,0.5,2.40E+16,1
1 Ceres,4.136902500E+08,0.07582,476.2,9.39E+20,0
6 Hebe,3.629590000E+08,0,33,2.40E+16,0
47171 Lempo,5.884000000E+09,0,33,2.40E+16,0
The Little Prince,1.190000000E+03,0,33,2.40E+16,1
762 Pulcova,4.725796730E+08,0,33,2.40E+16,0
4179 Toutatis,3.773260000E+08,0,33,2.40E+16,0
50000 Quaoar,6.489054000E+09,0,33,2.40E+16,0
2867 Šteins,3.534950000E+08,0,33,2.40E+16,0
136199 Eris,1.018012285E+10,0.44068,1163,1.66E+22,0
5 Astraea,3.848770000E+08,0,33,2.40E+16,0
5145 Pholus,3.055227000E+09,0,33,2.40E+16,0
4769 Castalia,1.590530000E+08,0,33,2.40E+16,0
Remus,7.060000000E+02,0,33,2.40E+16,1
624 Hektor,7.811830000E+08,0,33,2.40E+16,0
216 Kleopatra,4.177960000E+08,0,33,2.40E+16,0
3753 Cruithne,1.492600000E+08,0,33,2.40E+16,0
3 Junon,3.994800000E+08,0,33,2.40E+16,0
10 Hygiea,4.693450000E+08,0,33,2.40E+16,0
21 Lutetia,3.642770000E+08,0,33,2.40E+16,0
253 Mathilde,3.959000000E+08,0,33,2.40E+16,0
Uranus,2.870658186E+09,0.0457,25362,8.68E+25,0
7 Iris,3.570190000E+08,0,33,2.40E+16,0
433 Eros,2.181550000E+08,0,33,2.40E+16,0
Vanth,8.980000000E+03,0,33,2.40E+16,1
90377 Sedna,7.565977000E+10,0,33,2.40E+16,0
10199 Chariklo,2.380000000E+09,0,33,2.40E+16,0
87 Sylvia,5.221350000E+08,0,33,2.40E+16,0
(243) Ida I Dactyl,1.080000000E+02,0,33,2.40E+16,1
90482 Orcus,5.862440000E+09,0,33,2.40E+16,0
Pluto,5.906440628E+09,0.2488,1188.3,1.30E+22,0
5335 Damocles,8.368303000E+09,0,33,2.40E+16,0
Romulus,1.356000000E+03,0,33,2.40E+16,1
Alexhelios,7.750000000E+02,0,33,2.40E+16,1
Cleoselene,3.800000000E+02,0,33,2.40E+16,1
8 Flora,3.293130000E+08,0,33,2.40E+16,0
2060 Chiron,2.042652000E+09,0,33,2.40E+16,0
5261 Eureka,2.279080000E+08,0,33,2.40E+16,0
588 Achilles,7.766690000E+08,0,33,2.40E+16,0
Weywot,1.000000000E+04,0,33,2.40E+16,1
28978 Ixion,5.910896000E+09,0,33,2.40E+16,0
Neptune,4.498396441E+09,0.0113,24622,1.02E+26,0
Shoemaker-Levy 9,0.000000000E+00,0,33,2.40E+16,0
9 Metis,3.570520000E+08,0,33,2.40E+16,0
136108 Haumea,6.432011461E+09,0.19126,33,4.01E+21,0
7066 Nessus,3.689000000E+09,0,33,2.40E+16,0
25143 Itokawa,1.980496280E+08,0,33,2.40E+16,0
10370 Hylonome,3.779000000E+09,0,33,2.40E+16,0
45 Eugenia,4.069340000E+08,0,33,2.40E+16,0
(308933) 2006 SQ372,1.520000000E+11,0,33,2.40E+16,0
2 Pallas,4.147170000E+08,0,33,2.40E+16,0
8405 Asbolus,2.694000000E+09,0,33,2.40E+16,0
20000 Varuna,6.451398000E+09,0,33,2.40E+16,0
4 Vesta,3.533430000E+08,0,33,2.40E+16,0
243 Ida,4.280000000E+08,0,33,2.40E+16,0
Comet Hyakutake,0.000000000E+00,0,33,2.40E+16,0
951 Gaspra,3.305130000E+08,0,33,2.40E+16,0
15760 Albion,6.547379000E+09,0,33,2.40E+16,0
136472 Makemake,6.783345606E+09,0.15586,725,4.40E+21,0
Halley's Comet,2.677801885E+09,0,33,2.40E+16,0
Jupiter,7.783408210E+08,0.0489,69911,1.90E+27,0
Mars,2.279438240E+08,0.0935,3389.5,6.42E+23,0
Mercury,5.790922700E+07,0.2056,2439.4,3.30E+23,0
Saturn,1.426666422E+09,0.0565,58232,5.68E+26,0
Sun,0.000000000E+00,0,696342,1.99E+30,0
Earth,1.495982620E+08,0.0167,6371.0084,5.97E+24,0
Venus,1.082084750E+08,0.0067,6051.8,4.87E+24,0
Kerberos,5.900000000E+04,0,33,2.40E+16,1
S/2011 J 1,2.015529000E+07,296,0.5,2.40E+16,1
S/2011 J 2,2.332971000E+07,332,0.5,2.40E+16,1
Styx,4.500000000E+04,0,33,2.40E+16,1
Hippocamp,1.052000000E+05,0,17,3.00E+16,1
S/2015 (136472) 1,2.110000000E+04,0,33,2.40E+16,1
S/2017 J 1,2.358700000E+07,397,2,2.40E+16,1
S/2016 J 1,2.065100000E+07,141,0.5,2.40E+16,1
Valetudo,1.898000000E+07,222,0.5,2.40E+16,1
S/2017 J 2,2.330300000E+07,236,1,2.40E+16,1
S/2017 J 3,2.069400000E+07,148,1,2.40E+16,1
Pandia,1.152500000E+07,0.18,1.5,2.40E+16,1
S/2017 J 5,2.323200000E+07,284,1,2.40E+16,1
S/2017 J 6,2.245500000E+07,557,1,2.40E+16,1
S/2017 J 7,2.062700000E+07,215,1,2.40E+16,1
S/2017 J 8,2.323300000E+07,312,0.5,2.40E+16,1
S/2017 J 9,2.148700000E+07,229,1.5,2.40E+16,1
Ersa,1.148300000E+07,94,1.5,2.40E+16,1
Ultima Thule,6.633400000E+09,0,33,2.40E+16,0
101955 Bennu,1.684000000E+08,0,33,2.40E+16,0
